[
    {
    "bagymdat":"05:50",
    "kundun_chyguusu":"07:00",
    "beshim":"13:10",
    "asr":"17:30",
    "sham":"18:50",
    "kuptan":"20:30"
    },
    {
    "bagymdat":"05:51",
    "kundun_chyguusu":"07:00",
    "beshim":"13:11",
    "asr":"17:33",
    "sham":"18:51",
    "kuptan":"20:31"
    },
    {
    "bagymdat":"05:53",
    "kundun_chyguusu":"07:00",
    "beshim":"13:13",
    "asr":"17:33",
    "sham":"18:53",
    "kuptan":"20:33"
    },
    {
    "bagymdat":"05:55",
    "kundun_chyguusu":"07:00",
    "beshim":"13:15",
    "asr":"17:35",
    "sham":"18:55",
    "kuptan":"20:35"
    }
]